"007f0ce1-4a0b-4bb2-8f7c-1b2a0e6ef6b2";"LVL 2000";"Latvian lats";1.78;;"da299c4d-1741-4da8-9fbd-5ccfb5e1d688"
"00d8370e-2bf1-4f3b-81bb-f8f147e84819";"m2*d";"Square metre times day";0.00274;;"93a60a57-a3c8-20da-a746-0800200c9a66"
"010f811e-3cc2-4b14-a901-337da9b3e49c";"kcal";"Kilocalorie (International table)";0.00419;;"93a60a57-a3c8-11da-a746-0800200c9a66"
"01e58eb9-0aba-4c76-ba0c-03f6f3be1353";"GJ";"Gigajoule";1000;;"93a60a57-a3c8-11da-a746-0800200c9a66"
"0300ec69-ce1a-45f0-bcf0-7b33845dc53e";"lb av";"British pound (avoirdupois)";0.45;"lb";"93a60a57-a4c8-11da-a746-0800200c9a66"
"030e99e1-2237-483c-8447-8b3a256d8b0d";"in";"Inch";0.02;"inch";"838aaa22-0117-11db-92e3-0800200c9a66"
"078c7a18-a743-491d-87c2-530454661ef1";"gill";"Gill";0.000118294;;"93a60a57-a3c8-12da-a746-0800200c9a66"
"07973a41-56b3-4e1b-a208-fd75a09fbd4b";"cu ft";"Cubic feet";0.02;"cuft";"93a60a57-a3c8-12da-a746-0800200c9a66"
"0866bd06-77b3-41a2-8157-6d96ffb5666b";"EEK 2000";"Estonian kroon";0.06;;"da299c4d-1741-4da8-9fbd-5ccfb5e1d688"
"08d8bee4-32ca-4cc3-ad33-838377e6517a";"qt (US dry)";"Quart (US dry)";0.001101221;;"93a60a57-a3c8-12da-a746-0800200c9a66"
"097768e6-0763-4126-a253-e323cafdf77e";"kt*km";"Kilotonne * kilometre";1000;"ktkm";"838aaa21-0117-11db-92e3-0800200c9a66"
"0992b8e3-489a-46ea-8d71-1bf951ece5d0";"mm2";"Square millimetres";1e-06;;"93a60a57-a3c8-18da-a746-0800200c9a66"
"0a025f54-0114-4548-a564-d91aa8eb8174";"hm";"Hectometre";100;;"838aaa22-0117-11db-92e3-0800200c9a66"
"0c62f887-da22-4b0a-999b-145c4b2ffe1e";"l*nmi";"Litre times nautical mile";0.00185;;"ff8ed45d-bbfb-4531-8c7b-9b95e52bd41d"
"0d255e00-8aa1-434e-b6cd-43991a87d3fa";"cm2a";"Square centimetres * year";0.0001;;"93a60a57-a3c8-20da-a746-0800200c9a66"
"0dc79b8e-47a1-4ec7-96b1-c9b9da2769fa";"mm*m2";"Millimetre times square metre";1;;"36932b14-ba61-417b-a80c-eb9935d193f1"
"0dea4ed8-bb6b-4049-b2b4-b2c413ef2180";"t*km";"Metric tonne-kilometre";1;"tkm";"838aaa21-0117-11db-92e3-0800200c9a66"
"11074cfd-08a4-449b-adad-18ce24a1b275";"d";"Day";1;"day";"af638906-3ec7-4314-8de7-f76039f2dd01"
"112e9d4a-262d-4dcb-8003-c19204faedfb";"l*mi";"Litre times international mile";0.00161;;"ff8ed45d-bbfb-4531-8c7b-9b95e52bd41d"
"1135c9c8-05e9-4831-9eb2-e1c4759f218d";"fur";"Furlong";201.168;;"838aaa22-0117-11db-92e3-0800200c9a66"
"127eddde-af81-4d0d-88f3-123c0b65d971";"ch";"Chain";20.1168;;"838aaa22-0117-11db-92e3-0800200c9a66"
"14ed0060-9198-48c1-b458-7fa4075c9811";"AUD 2000";"Australian dollar";0.63;;"da299c4d-1741-4da8-9fbd-5ccfb5e1d688"
"18b04307-98b7-4d9e-82ee-f11d1b9f0d28";"CAD 2000";"Canadian dollar";0.73;;"da299c4d-1741-4da8-9fbd-5ccfb5e1d688"
"19a89180-e40c-4f6b-bcd3-d7347566d1e7";"v*km";"Vehicle-kilometer";1;"vkm";"af16ae7e-3e04-408a-b8ae-5b3666dbe7f9"
"1c3a9695-398d-4b1f-b07e-a8715b610f70";"m3";"Cubic metre";1;"m³; kl;kL";"93a60a57-a3c8-12da-a746-0800200c9a66"
"1c4169d1-4fee-40e3-9868-953ee15e26ae";"bl (US dry)";"Barrel (US dry)";0.11;;"93a60a57-a3c8-12da-a746-0800200c9a66"
"1c43f336-c84b-4f42-bbf7-b1b6f89e121a";"mi2*a";"British square mile times year";2589988.1;"mi²*a;mi2a;mi²a";"93a60a57-a3c8-20da-a746-0800200c9a66"
"1f112940-6c27-4c75-828a-46d548d71cff";"nmi";"Nautical mile";1852;;"838aaa22-0117-11db-92e3-0800200c9a66"
"20aadc24-a391-41cf-b340-3e4529f44bde";"kg";"Kilogram";1;;"93a60a57-a4c8-11da-a746-0800200c9a66"
"20ce5f57-69b1-438b-a8e8-23089854d058";"mi2";"British square mile";2589988.11;"mi²;sq.mi";"93a60a57-a3c8-18da-a746-0800200c9a66"
"218bf752-ec01-43a9-b87c-0e733374fffd";"cg";"Centigram";1e-05;;"93a60a57-a4c8-11da-a746-0800200c9a66"
"227a54d9-44e7-468c-b8bb-f2dd1ae68c7a";"h";"Hour";0.041666666666666664;"hr";"af638906-3ec7-4314-8de7-f76039f2dd01"
"23cc7a32-f08a-43df-a87c-66953eeeb3f5";"t*a";"Metric tonnes times year";1000;;"59f191d6-5dd3-4553-af88-1a32accfe308"
"2457aee5-c7ee-4416-a65a-5be4ff2b2976";"oz t";"Ounce (troy)";0.03;;"93a60a57-a4c8-11da-a746-0800200c9a66"
"28bb8ff6-79d1-4f97-b7c4-7fa3dd05bec8";"ISK 2000";"Iceland krona";0.01;;"da299c4d-1741-4da8-9fbd-5ccfb5e1d688"
"2a0b9356-a2dd-444f-991e-ce66cd174c9e";"cwt";"Short hundredweight";45.359237;;"93a60a57-a4c8-11da-a746-0800200c9a66"
"2a39ac84-f3f0-4296-8907-ffc2f41aebfc";"hh";"Hand";0.1016;;"838aaa22-0117-11db-92e3-0800200c9a66"
"2abb86b6-e71b-4de5-a766-a20e80e59b6d";"Items*km";"Items times kilometre";1;;"5454b231-270e-45e6-89b2-7f4f3e482245"
"2ac22d0d-9e02-4459-9402-923490e4e1b4";"dg";"Decigram";0.0001;;"93a60a57-a4c8-11da-a746-0800200c9a66"
"2d64c7e0-1167-42ec-9988-c441c261a35c";"US fl oz";"US customary fluid ounce";2.96e-05;;"93a60a57-a3c8-12da-a746-0800200c9a66"
"2d895297-8e96-45f1-b256-a6d4ccd4bbc4";"dal";"Decalitre";0.01;"daL";"93a60a57-a3c8-12da-a746-0800200c9a66"
"2df86f1f-293e-4e07-9cde-34eebc6d2c5f";"pt (US fl)";"Pint (US fluid)";0.000473;;"93a60a57-a3c8-12da-a746-0800200c9a66"
"2e16ca4a-9f65-472f-b4cb-274050aaf328";"(cmol*m2*a)/kg";"Centimole times square metre times year per kilogram";1;;"a6941776-ee4b-40fe-9a05-e19faac45240"
"2ea37335-f10b-4fcc-b4a9-0a742d651fa2";"dm3";"Cubic decimeter";0.001;;"93a60a57-a3c8-12da-a746-0800200c9a66"
"2f1b55fb-a432-447a-a0f5-9b02bf649724";"cm*m3";"Centimetre times cubic metre";1;;"59f6a0a2-731f-41c3-86df-d383dc673dfe"
"2f3cc326-da25-4086-b06d-3a7ef914aef6";"DKK 2000";"Danish krone";0.13;;"da299c4d-1741-4da8-9fbd-5ccfb5e1d688"
"2fdc0039-6c5e-489a-af77-b225684fa337";"g*a";"Gram times year";0.001;;"59f191d6-5dd3-4553-af88-1a32accfe308"
"31ace5ab-d905-46ef-b958-caa2e65d6424";"ftm";"Fathom";1.8288;;"838aaa22-0117-11db-92e3-0800200c9a66"
"35b9b720-0518-4476-941e-282d9654161a";"dm";"Decimetre";0.1;;"838aaa22-0117-11db-92e3-0800200c9a66"
"3bd6c6c3-bb61-46f3-b19a-c87ac5502bb7";"Dozen(s)";"Dozen(s) of items";12;;"5beb6eed-33a9-47b8-9ede-1dfe8f679159"
"3cc51ae9-b993-4a3d-964e-0aed8d7f3966";"t*mi";"Metric tonne times international mile";1.609344;;"838aaa21-0117-11db-92e3-0800200c9a66"
"3ce61faa-5716-41c1-aef6-b5920054acc9";"m2";"Square metre";1;"m²";"93a60a57-a3c8-18da-a746-0800200c9a66"
"3d314eab-ef11-4ff3-a35e-9bc5cd858694";"m";"Metre";1;;"838aaa22-0117-11db-92e3-0800200c9a66"
"3f838c0d-bf6c-49f1-a465-d256ab0d13eb";"USD 2000";"US dollar";1.1;"$";"da299c4d-1741-4da8-9fbd-5ccfb5e1d688"
"425aff51-b7e5-4561-aa5a-562ec103a79e";"TOE";"Tonne oil equivalent";41868;;"93a60a57-a3c8-11da-a746-0800200c9a66"
"431df202-da83-4baa-b576-5d17f59f0c8a";"gal (US fl)";"Gallon (US fluid); used in US e.g. for fuel";0.00379;;"93a60a57-a3c8-12da-a746-0800200c9a66"
"4669b8ce-894d-405a-95d1-3211accaa739";"Nm3";"Normal cubic metres";1;"Nm³";"93a60a57-a3c8-12da-a746-0800200c9a66"
"4689d28c-29f6-4f0a-ad03-0276f7070edd";"nmi2";"Square nautical mile";3429904;;"93a60a57-a3c8-18da-a746-0800200c9a66"
"46930fb7-8660-42a4-983e-19cf53da740b";"cm3";"Cubic centimetres";1e-06;;"93a60a57-a3c8-12da-a746-0800200c9a66"
"469d61f1-3bc4-4841-8adf-873825c1bc11";"J";"Joule";1e-06;;"93a60a57-a3c8-11da-a746-0800200c9a66"
"4866ec7b-6218-4783-87b4-cbd107280a85";"ha*a";"Hectare times year";10000;"ha a";"93a60a57-a3c8-20da-a746-0800200c9a66"
"4a51d52b-f94f-4168-a38c-c612f14b8a2d";"mi";"International mile";1609.34;"mile";"838aaa22-0117-11db-92e3-0800200c9a66"
"5042a5e9-b8fd-40ca-b13e-cb9f1ce0357a";"m3*km";"Cubic metre times kilometre";1;;"ff8ed45d-bbfb-4531-8c7b-9b95e52bd41d"
"505845e0-3f71-46d4-acfa-8c4ed8d3c305";"mm3";"Cubic millimetres";1e-09;;"93a60a57-a3c8-12da-a746-0800200c9a66"
"5209be3d-094e-4203-a074-06d7b75e9a38";"t*d";"Metric tonne times day (1 year = 365 days)";2.73;;"59f191d6-5dd3-4553-af88-1a32accfe308"
"52765a6c-3896-43c2-b2f4-c679acf13efe";"MJ";"Megajoule";1;;"93a60a57-a3c8-11da-a746-0800200c9a66"
"5458351a-f6f7-4e0b-a449-823c9b6374db";"lb*mi";"British pound (avoirdupois) times international mile";0.00073;;"838aaa21-0117-11db-92e3-0800200c9a66"
"55244053-94ba-404e-9172-cb279d905e00";"btu";"British thermal unit (International table)";0.00106;;"93a60a57-a3c8-11da-a746-0800200c9a66"
"56f42b51-bb05-4dcd-a069-0693f167304c";"dr (Av)";"Dram (Avoirdupois)";0.001771845;;"93a60a57-a4c8-11da-a746-0800200c9a66"
"57c492e7-d94b-4fcc-98df-cdc4163b754c";"TJ";"Terajoule";1000000;;"93a60a57-a3c8-11da-a746-0800200c9a66"
"588613d5-6c8c-4ab6-8c69-ec5e20ef7881";"cm2";"Square centimetre";0.0001;;"93a60a57-a3c8-18da-a746-0800200c9a66"
"594fb96f-0d06-4053-9263-826fcd4d0046";"SEK 2000";"Swedish krona";0.12;;"da299c4d-1741-4da8-9fbd-5ccfb5e1d688"
"5ec65531-6bb4-4990-a687-44e9ab8f3529";"bsh (US)";"US bushel";0.03;;"93a60a57-a3c8-12da-a746-0800200c9a66"
"626c92d5-dcc2-40d4-b28b-4a4f82123740";"dl";"Decilitre";0.0001;"dL";"93a60a57-a3c8-12da-a746-0800200c9a66"
"62eb6f51-0574-4489-ae1a-1bd806f6c2ac";"gal (US liq)";"Gallon (US liquid)";0.00379;"gal*";"93a60a57-a3c8-12da-a746-0800200c9a66"
"63214902-17d4-41a0-be10-d1cad375c32e";"ng";"Nanogram";1e-12;;"93a60a57-a4c8-11da-a746-0800200c9a66"
"68c83ad3-bc5b-414a-81f7-5b47af2c8a23";"pg";"Picogram; 10^-12 g";1e-15;;"93a60a57-a4c8-11da-a746-0800200c9a66"
"691ae73c-3fc1-4157-85d0-2659bdc2380a";"(cmol*m2)/kg";"Centimole times square metre per kilogram";1;;"3dbb60e1-edde-49f7-b28d-f34b4af727b3"
"6a7531d3-3b83-4dda-8b18-4e3528491f9e";"in3";"Cubic inches";1.64e-05;"cu.in";"93a60a57-a3c8-12da-a746-0800200c9a66"
"6c277db7-2784-4296-83bf-15c04a9d59b2";"JPY 2000";"Japanese yen";0.01;"Yen2000";"da299c4d-1741-4da8-9fbd-5ccfb5e1d688"
"6c4b1e4a-bf45-4385-a60c-12cc48ecbab5";"yd2";"Square yard (imperial/US)";0.83;"sq.yd";"93a60a57-a3c8-18da-a746-0800200c9a66"
"6dabe201-aaac-4509-92f0-d00c26cb72ab";"Item(s)";"Number of items";1;"unit;LU;pig place;p";"5beb6eed-33a9-47b8-9ede-1dfe8f679159"
"702d94e7-fbae-4a99-a2f5-b26db21126d6";"p*mi";"Person * mile";1.6;"pmi";"11d161f0-37e3-4d49-bf7a-ff4f31a9e5c7"
"71326000-165d-41fb-aea9-1bfbd9d7fc6c";"ZAR 2000";"South African rand";0.15;;"da299c4d-1741-4da8-9fbd-5ccfb5e1d688"
"715ca68e-0ac5-4c4b-b557-fdc36623be88";"km";"Kilometre";1000;;"838aaa22-0117-11db-92e3-0800200c9a66"
"72ef94e2-bf0c-4e85-a74c-f3b5ed1bd73e";"dr (Fl)";"Dram (Fluid)";3.7e-06;;"93a60a57-a3c8-12da-a746-0800200c9a66"
"7642bdc2-cdfa-4cc5-9e12-2255f561842a";"pk";"Peck";0.008809768;;"93a60a57-a3c8-12da-a746-0800200c9a66"
"787f2ac9-7bcd-4a91-9fab-55bfe414138f";"TCE";"Tonne coal equivalent";29307.6;;"93a60a57-a3c8-11da-a746-0800200c9a66"
"78af80e7-ede4-4a65-b04d-97d9ce4f39d3";"gr";"Grain";6.48e-05;;"93a60a57-a4c8-11da-a746-0800200c9a66"
"7d082bce-60f5-4588-86bb-56e0dff1c8a8";"mi*a";"Miles * year";1609.35;"miy";"326eb58b-e5b3-4cea-b45a-2398c25109f8"
"7dd57df4-c092-41aa-966e-c93a27797ea1";"t*nmi";"Metric tonne times nautical mile";1.85;;"838aaa21-0117-11db-92e3-0800200c9a66"
"806c64aa-8609-4ff6-a033-6714a3348f24";"fl oz (Imp)";"Fluid ounce (Imperial)";2.84e-05;;"93a60a57-a3c8-12da-a746-0800200c9a66"
"81696a66-6919-4bbb-a3ab-c79b2900de7d";"ml";"Millilitre";1e-06;"mL";"93a60a57-a3c8-12da-a746-0800200c9a66"
"83192ffa-5990-490b-a23a-b45ca072db6f";"t";"Tonne";1000;"Mg;ton";"93a60a57-a4c8-11da-a746-0800200c9a66"
"845178d8-3f2c-497f-9ca6-3c5657c2823c";"s";"Second";1.16e-05;;"af638906-3ec7-4314-8de7-f76039f2dd01"
"8632c804-eed7-4a57-91e6-1798289c49e3";"CHF 2000";"Swiss franc";0.64;;"da299c4d-1741-4da8-9fbd-5ccfb5e1d688"
"86ad2244-1f0e-4912-af53-7865283103e4";"kWh";"Kilowatt times hour";3.6;;"93a60a57-a3c8-11da-a746-0800200c9a66"
"86dfd16d-d1d8-4b71-88af-0e1126425c77";"hg";"Hectogram";0.1;;"93a60a57-a4c8-11da-a746-0800200c9a66"
"89121cea-0d98-4466-9b0f-e33e448db7ec";"bl (US fl)";"Barrel (US non-beer fluid)";0.11;;"93a60a57-a3c8-12da-a746-0800200c9a66"
"8aa31dda-e324-469c-a29d-56476584f5ca";"gal (Imp)";"Gallon (Imperial); used in UK, United Arab Emirates for fuels";0.00455;;"93a60a57-a3c8-12da-a746-0800200c9a66"
"8c1fafa2-2b2e-4fef-9581-5de34ae87350";"l*a";"Litre times year";0.001;;"93a60a57-a3c8-23da-a746-0800200c9a66"
"8cbb4edb-d76c-41f7-8b30-cc789217c954";"km*a";"Kilometres * year";1000;"kmy";"326eb58b-e5b3-4cea-b45a-2398c25109f8"
"8ee3bcbf-9e65-4f59-9b0b-40b504cbe345";"ac";"Acre (US survey)";4046.85;"acre (US);acre";"93a60a57-a3c8-18da-a746-0800200c9a66"
"9003179a-bf17-4e89-8fd7-a0c1c91ac189";"u";"Micron";1e-06;"µm;um";"838aaa22-0117-11db-92e3-0800200c9a66"
"90888d8d-3d57-497f-a3fa-12aefd2bc774";"bsh (Imp)";"Imperial bushel";0.03;;"93a60a57-a3c8-12da-a746-0800200c9a66"
"90d59045-3565-4c5a-bb27-ebc365aacbd0";"dag";"Decagram";0.01;;"93a60a57-a4c8-11da-a746-0800200c9a66"
"91995a9e-3cb4-4fc9-a93b-8c618ff9b948";"bbl";"Barrel (petroleum)";0.15;;"93a60a57-a3c8-12da-a746-0800200c9a66"
"92e3bd49-8ed5-4885-9db6-fc88c7afcfcb";"MWh";"Megawatt times hour";3600;;"93a60a57-a3c8-11da-a746-0800200c9a66"
"930e411f-542b-4f66-8e83-b04c303a9780";"USD 2002";"US dollar 2002";1.29;"$";"da299c4d-1741-4da8-9fbd-5ccfb5e1d688"
"9428cdb2-e08e-46f9-a9aa-85cc11416b5f";"dam";"Decametre";10;;"838aaa22-0117-11db-92e3-0800200c9a66"
"94b84332-8f2d-4592-b2a0-e19da33a69e9";"kg/a";"Kilogram per year";1;;"c28831de-8759-43da-98bd-05617cb1722d"
"94dcd768-ea3e-47da-ba1b-11fea4b5f4cc";"MJ/kg*d";"Megajoule per kilogram times day";1;;"258d6abd-14f2-4484-956c-c88e8f6fd8ed"
"95dd50e9-c184-4412-9afc-9764b1ffcf8f";"kg SWU";"Kilogram SWU";1;;"93a60a57-a4c8-11da-a746-0800200c9a66"
"95e8feec-abc7-4eb0-bf39-2a6d411cba8d";"(mm*m2)/a";"Millimetre times square metre per year";1;;"9e5a91be-b3d1-4268-8e7d-e5e93f6a75d4"
"97ee3997-137d-4d96-80bf-c4f106c743c4";"NOK 2000";"Norwegian krone";0.12;;"da299c4d-1741-4da8-9fbd-5ccfb5e1d688"
"9942703a-5962-4823-8ea3-7af06af9a21e";"l*d";"Litre times day";2.74e-06;"l*day";"93a60a57-a3c8-23da-a746-0800200c9a66"
"9a87f840-752d-4863-b911-533f92ee5073";"a";"Year (rounded)";365;"year;yr";"af638906-3ec7-4314-8de7-f76039f2dd01"
"9bc2cfb2-fb43-42e6-9783-6c7479c78cce";"bl (Imp)";"Barrel (Imperial)";0.16;;"93a60a57-a3c8-12da-a746-0800200c9a66"
"9bf0166c-fa76-47d0-95af-054ea9125f2c";"Items*nmi";"Items times nautical mile";1.85;;"5454b231-270e-45e6-89b2-7f4f3e482245"
"9cd2a2c5-77a2-4b58-b893-b039dfe635ed";"yd3";"Cubic yards";0.76;"cu.yd";"93a60a57-a3c8-12da-a746-0800200c9a66"
"9dd23b40-4394-4f9a-9572-5f2ee9643864";"Mt";"Megatonne";1000000000;"Mtn";"93a60a57-a4c8-11da-a746-0800200c9a66"
"9e6a97bb-e0cf-4e4a-9f3a-37067740b421";"cm3*a";"Cubic centimetres * year";1e-06;"cm3y";"93a60a57-a3c8-23da-a746-0800200c9a66"
"9fa94e47-03bd-4ad1-8726-e10cfb6dbb7a";"min";"Minute";0.000694;;"af638906-3ec7-4314-8de7-f76039f2dd01"
"a0805221-ed1e-4177-9e2a-4b72ce2beb06";"l*km";"Litre times kilometre";0.001;;"ff8ed45d-bbfb-4531-8c7b-9b95e52bd41d"
"a16960ba-31e2-4fe9-82fe-219013f4708f";"yd";"Yard (international)";0.91;"yard";"838aaa22-0117-11db-92e3-0800200c9a66"
"a19bcd84-e836-4764-8367-419dac3d2434";"pt (US dry)";"Pint (US dry)";0.000551;;"93a60a57-a3c8-12da-a746-0800200c9a66"
"a3350a8a-5cb0-440d-9752-8afe8c08c455";"dwt";"Pennyweight";0.001555174;;"93a60a57-a4c8-11da-a746-0800200c9a66"
"a40229e6-7275-42e3-a304-23d590044770";"kg*km";"Kilogram-kilometre";0.001;"kgkm;kgkm";"838aaa21-0117-11db-92e3-0800200c9a66"
"a45722ee-fc30-4bb1-aa95-5c8fb56c6bfb";"Rutherford";"Rutherford";1000;;"93a60a57-a3c8-16da-a746-0800200c9a66"
"a55b7fe7-fa09-47ef-be62-e07b8e6f4351";"EUR 2000";"Euro";1;;"da299c4d-1741-4da8-9fbd-5ccfb5e1d688"
"a681e9e5-6304-45f0-a5f4-df413eee0724";"bl (US beer)";"Barrel (US beer)";0.11;;"93a60a57-a3c8-12da-a746-0800200c9a66"
"a9736781-d59e-43dc-8584-147b50595c1c";"µBq";"microBequerel";1e-09;;"93a60a57-a3c8-16da-a746-0800200c9a66"
"aa14a795-2239-496a-81b0-ad7cb8bbe0d2";"cm*m2/d";"Centimetre times square metre per day";1;;"f2275057-f8be-4db9-bb78-5dfc276967a0"
"ab01fe47-d2c0-4308-adb1-e32df38d5a50";"kg*d";"Kilogram times day (1 year = 365 days)";0.00274;;"59f191d6-5dd3-4553-af88-1a32accfe308"
"ac324d87-9961-463a-81a1-099bb0f7d89b";"Bq";"Bequerel, 1 event per second";0.001;;"93a60a57-a3c8-16da-a746-0800200c9a66"
"ac4057f9-ec4a-4b31-9d3b-ff96969e50ff";"cl";"Centilitre";1e-05;"cL";"93a60a57-a3c8-12da-a746-0800200c9a66"
"ae5cced9-f9f1-4719-bd37-837b36013d96";"ct";"Carat (metric)";0.0002;"carat";"93a60a57-a4c8-11da-a746-0800200c9a66"
"ae63f1fd-3679-443a-ad06-8d03e867351e";"GBP 2000";"Pound sterling";1.65;;"da299c4d-1741-4da8-9fbd-5ccfb5e1d688"
"aff60d84-007c-4f30-bfda-3853760f6954";"kWh/m2*d";"Kilowatthour per square metre times day";1;"kWh/m2*d;kWh/m2d;kWh/m²d";"876adcd3-29e6-44e2-acdd-11be304ae654"
"b2ad404c-3e4f-4a7a-a604-46fb36654823";"kg*a";"Kilogram times year";1;"kgy";"59f191d6-5dd3-4553-af88-1a32accfe308"
"b396b97c-29ab-409a-b6fa-2285589041bd";"mm2a";"Square millimetres * year";1e-06;;"93a60a57-a3c8-20da-a746-0800200c9a66"
"b80a512e-e402-4363-8ad0-7d02dcf4a459";"l";"Litre";0.001;;"93a60a57-a3c8-12da-a746-0800200c9a66"
"b872a063-0500-42b7-9e5d-441642d84417";"mg";"Milligram";1e-06;;"93a60a57-a4c8-11da-a746-0800200c9a66"
"b9948675-d7f6-4f0b-afa0-aa320718bb98";"M$ 2000";"Mega US dollar 2000";1100000;;"da299c4d-1741-4da8-9fbd-5ccfb5e1d688"
"b9a011a0-c9bf-459b-b105-2623d1b61ddf";"km2";"Square kilometre";1000000;"km²";"93a60a57-a3c8-18da-a746-0800200c9a66"
"c026770b-5b4f-467d-8fdb-15dfb8e52913";"pt (Imp)";"Pint (Imperial)";0.000568;;"93a60a57-a3c8-12da-a746-0800200c9a66"
"c530708d-be50-4207-b536-23d0857210bf";"gal (US dry)";"Gallon (US dry)";0.0044;;"93a60a57-a3c8-12da-a746-0800200c9a66"
"c66d26f1-7946-4027-85f0-ac79222a59f1";"ft2";"British square feet";0.09;"ft²;sq.ft";"93a60a57-a3c8-18da-a746-0800200c9a66"
"c7266b67-4ea2-457f-b391-9b94e26e195a";"m2*a";"Square metre times year";1;"m²*a;m2a;m²a;m2a";"93a60a57-a3c8-20da-a746-0800200c9a66"
"c8166ae2-b592-4eb9-b365-e384c8b79f3c";"km2*a";"Square kilometre times year";1000000;"km²*a;km2a;km²a;km2a";"93a60a57-a3c8-20da-a746-0800200c9a66"
"cc44768b-c0ce-4bc9-804a-c59b67d22e39";"mm";"Millimetre";0.001;;"838aaa22-0117-11db-92e3-0800200c9a66"
"cd277914-c68c-4be4-b7cf-cdf17a6e7f48";"in2";"Square inches";0.000645;"sq.in";"93a60a57-a3c8-18da-a746-0800200c9a66"
"ce39138f-55f8-47bc-b55a-66027fc836d9";"Items*mi";"Items times international mile";1.6;;"5454b231-270e-45e6-89b2-7f4f3e482245"
"cff8f1bf-bda0-4fc1-b14c-537d8861dcce";"Imp.min.";"Minim";6.16e-08;;"93a60a57-a3c8-12da-a746-0800200c9a66"
"d01259b2-24c2-46af-a7fe-36dd025ead15";"ug";"Microgram";1e-09;"µg";"93a60a57-a4c8-11da-a746-0800200c9a66"
"d018183e-ea8c-4a41-a303-627c9b9b173d";"cm";"Centimetre";0.01;;"838aaa22-0117-11db-92e3-0800200c9a66"
"d022bf34-1162-4579-90ab-dcca9620ce54";"Mg";"Megagram = 1 metric tonne";1000;;"93a60a57-a4c8-11da-a746-0800200c9a66"
"d0c791b3-d989-4d90-906c-d01006e45ce0";"CHF 2005";"Swiss franc";1.12;;"da299c4d-1741-4da8-9fbd-5ccfb5e1d688"
"d24270f0-c1f2-49ec-a6bf-e86a74177070";"lb*nmi";"British pound (avoirdupois) times nautical mile";0.00084;;"838aaa21-0117-11db-92e3-0800200c9a66"
"d246fd48-c363-4f0e-ab01-641325dd89eb";"KRW 2000";"South Korean won";0.00095;;"da299c4d-1741-4da8-9fbd-5ccfb5e1d688"
"d4922696-9c95-4b5d-a876-425e98276978";"sh tn";"Short ton";907.18;"tn.sh";"93a60a57-a4c8-11da-a746-0800200c9a66"
"dc4bb818-ab06-4f65-ade9-a69a3ca116fd";"dm2";"Square decimetres";0.01;;"93a60a57-a3c8-18da-a746-0800200c9a66"
"dce13106-087c-4fea-bfaa-def214e3cecb";"LTL 2000";"Lithuanian litas";0.27;;"da299c4d-1741-4da8-9fbd-5ccfb5e1d688"
"de900fea-2536-4fe5-a92d-00ac9a28654b";"m3*mi";"Cubic metre times international mile";1.6;;"ff8ed45d-bbfb-4531-8c7b-9b95e52bd41d"
"debee4d9-bc47-4e35-8624-4957ecb75386";"ha";"Hectare";10000;;"93a60a57-a3c8-18da-a746-0800200c9a66"
"df1ceca8-2d2a-46fa-91c1-24e5dd0f248f";"nBq";"nanoBequerel";1e-12;;"93a60a57-a3c8-16da-a746-0800200c9a66"
"df6987d7-afcc-4c92-ae2c-3ce3bc6f5578";"ul";"Microlitre";1e-09;"µl;µL";"93a60a57-a3c8-12da-a746-0800200c9a66"
"e0c570ff-d195-4646-b15d-b8de687d10a8";"EUR 2003";"Euro 2003";1.25;;"da299c4d-1741-4da8-9fbd-5ccfb5e1d688"
"e114cd83-3e7f-4466-8028-761c0469f7c7";"are";"Are";100;;"93a60a57-a3c8-18da-a746-0800200c9a66"
"e1317ffc-7f83-4a85-bc65-4fb229a25cf8";"g";"Gram";0.001;;"93a60a57-a4c8-11da-a746-0800200c9a66"
"e24e5e7b-6c5c-4847-969d-7772ed5df017";"hl";"Hectolitre";0.1;"hL";"93a60a57-a3c8-12da-a746-0800200c9a66"
"e2987dad-3b7e-451e-82df-fe91756e752a";"mBq";"miliBequerel";1e-06;;"93a60a57-a3c8-16da-a746-0800200c9a66"
"e5ccc940-eb40-41f9-847e-5ee691ba8c2f";"long tn";"Long ton";1016.04;"tn.lg";"93a60a57-a4c8-11da-a746-0800200c9a66"
"e720c842-19f5-4a38-8573-78dd13719f5b";"kt";"Kilotonne";1000000;;"93a60a57-a4c8-11da-a746-0800200c9a66"
"e9773595-284e-46dd-9671-5fc9ff406833";"kBq";"Kilo-Bequerel, 1000 events per second";1;;"93a60a57-a3c8-16da-a746-0800200c9a66"
"ee5f2241-18af-4444-b457-b275660e5a20";"m3*a";"Cubic metre times year";1;"m³*a;m3a;m3y";"93a60a57-a3c8-23da-a746-0800200c9a66"
"ef6d9358-a156-4c73-b678-320ddee7d2eb";"Ci";"Curie";37000000;;"93a60a57-a3c8-16da-a746-0800200c9a66"
"efbbab8b-eb92-4e39-bd5f-99951ffda6c3";"ft2*a";"British square feet times year";0.09;"ft²*a;ft²a;ft2a";"93a60a57-a3c8-20da-a746-0800200c9a66"
"f3a1ae74-9750-4199-acdc-2e7e0546e0a5";"m3*d";"Cubic metre times day";0.00274;"m³*d;m3d;m3day";"93a60a57-a3c8-23da-a746-0800200c9a66"
"f4119718-2d50-47fe-9154-cab6fd2d30eb";"kJ";"Kilojoule";0.001;;"93a60a57-a3c8-11da-a746-0800200c9a66"
"f7905d3f-904d-4fdb-829e-54a72fb4c98e";"ft";"Foot (international)";0.3;;"838aaa22-0117-11db-92e3-0800200c9a66"
"f7fe0af2-e764-4984-bb9f-2cbff6cd2f18";"m*a";"Metre times year";1;"ma;my";"326eb58b-e5b3-4cea-b45a-2398c25109f8"
"fa44e424-f37b-419d-8475-723429d63c08";"oz av";"Ounce (avoirdupois); commonly used, but NOT for gold, platinum etc. (see Ounce (troy))";0.02;"oz";"93a60a57-a4c8-11da-a746-0800200c9a66"
"fad23f5c-f841-4369-ba17-2dd297b5fadf";"m3*nmi";"Cubic metre times nautical mile";1.85;;"ff8ed45d-bbfb-4531-8c7b-9b95e52bd41d"
"fb4258af-95b2-4359-af03-9687178df527";"HUF 2000";"Hungarian forint";0.0038;;"da299c4d-1741-4da8-9fbd-5ccfb5e1d688"
"fc3604f7-aa93-4aa3-8ae9-8f822874da5f";"Wh";"Watt times hour";0.0036;;"93a60a57-a3c8-11da-a746-0800200c9a66"
"fd100082-4cdf-4932-9282-6bb7d7091bd4";"CZK 2000";"Czech koruna";0.02;;"da299c4d-1741-4da8-9fbd-5ccfb5e1d688"
"fe8da65d-f0ea-4496-b13e-1955aaa412d7";"p*km";"Person kilometre";1;"pkm;personkm";"11d161f0-37e3-4d49-bf7a-ff4f31a9e5c7"
"fea33583-ae83-4398-b7fb-7f90fd097269";"qt (US liq)";"Quart (US liquid)";0.000946353;;"93a60a57-a3c8-12da-a746-0800200c9a66"
"ff1a332f-967c-4084-8b01-8d3ca81b3121";"PJ";"PetaJoules";1000000000;;"93a60a57-a3c8-11da-a746-0800200c9a66"
